-- =====================================================
-- Sample data for academicdb
-- Cenários:
--   Turmas 1-2 : CHEIAS         (occupied_seats = max_seats)
--   Turmas 3-4 : PRESTES A ENCHER (1 vaga restante)
--   Turmas 5-6 : COM VAGAS      (10+ vagas disponíveis)
-- 40 alunos criados; IDs de aluno 10-40 usam notação hex (0a-28)
-- =====================================================

-- Courses
INSERT INTO courses (id, name) VALUES
    ('aaaaaaaa-0001-0001-0001-000000000001', 'Engenharia de Software'),
    ('aaaaaaaa-0001-0001-0001-000000000002', 'Ciência da Computação');

-- Disciplines
INSERT INTO disciplines (id, name, course_id) VALUES
    ('bbbbbbbb-0002-0002-0002-000000000001', 'Algoritmos e Estruturas de Dados', 'aaaaaaaa-0001-0001-0001-000000000002'),
    ('bbbbbbbb-0002-0002-0002-000000000002', 'Banco de Dados',                   'aaaaaaaa-0001-0001-0001-000000000002'),
    ('bbbbbbbb-0002-0002-0002-000000000003', 'Engenharia de Requisitos',          'aaaaaaaa-0001-0001-0001-000000000001'),
    ('bbbbbbbb-0002-0002-0002-000000000004', 'Arquitetura de Software',           'aaaaaaaa-0001-0001-0001-000000000001');

-- Classrooms
--   #1  Algoritmos        CHEIA         30/30
--   #2  Banco de Dados    CHEIA         25/25
--   #3  Eng. Requisitos   PRESTES       29/30 (1 vaga)
--   #4  Arquitetura       PRESTES       24/25 (1 vaga)
--   #5  Algoritmos T2     COM VAGAS     20/30 (10 vagas)
--   #6  Banco de Dados T2 COM VAGAS     25/40 (15 vagas)
INSERT INTO classrooms (id, discipline_id, status, max_seats, occupied_seats, enrollment_start, enrollment_end, version) VALUES
    ('cccccccc-0003-0003-0003-000000000001', 'bbbbbbbb-0002-0002-0002-000000000001', 'OPEN', 30, 30, CURRENT_DATE - 30, CURRENT_DATE + 60, 0),
    ('cccccccc-0003-0003-0003-000000000002', 'bbbbbbbb-0002-0002-0002-000000000002', 'OPEN', 25, 25, CURRENT_DATE - 30, CURRENT_DATE + 60, 0),
    ('cccccccc-0003-0003-0003-000000000003', 'bbbbbbbb-0002-0002-0002-000000000003', 'OPEN', 30, 29, CURRENT_DATE - 15, CURRENT_DATE + 45, 0),
    ('cccccccc-0003-0003-0003-000000000004', 'bbbbbbbb-0002-0002-0002-000000000004', 'OPEN', 25, 24, CURRENT_DATE - 15, CURRENT_DATE + 45, 0),
    ('cccccccc-0003-0003-0003-000000000005', 'bbbbbbbb-0002-0002-0002-000000000001', 'OPEN', 30, 20, CURRENT_DATE -  5, CURRENT_DATE + 90, 0),
    ('cccccccc-0003-0003-0003-000000000006', 'bbbbbbbb-0002-0002-0002-000000000002', 'OPEN', 40, 25, CURRENT_DATE -  5, CURRENT_DATE + 90, 0);

-- Students (40 alunos)
INSERT INTO students (id, name) VALUES
    ('dddddddd-0004-0004-0004-000000000001', 'João Silva'),
    ('dddddddd-0004-0004-0004-000000000002', 'Maria Santos'),
    ('dddddddd-0004-0004-0004-000000000003', 'Pedro Oliveira'),
    ('dddddddd-0004-0004-0004-000000000004', 'Ana Costa'),
    ('dddddddd-0004-0004-0004-000000000005', 'Carlos Souza'),
    ('dddddddd-0004-0004-0004-000000000006', 'Fernanda Lima'),
    ('dddddddd-0004-0004-0004-000000000007', 'Lucas Pereira'),
    ('dddddddd-0004-0004-0004-000000000008', 'Beatriz Alves'),
    ('dddddddd-0004-0004-0004-000000000009', 'Rafael Rodrigues'),
    ('dddddddd-0004-0004-0004-00000000000a', 'Juliana Nascimento'),
    ('dddddddd-0004-0004-0004-00000000000b', 'Matheus Ferreira'),
    ('dddddddd-0004-0004-0004-00000000000c', 'Larissa Melo'),
    ('dddddddd-0004-0004-0004-00000000000d', 'Gabriel Castro'),
    ('dddddddd-0004-0004-0004-00000000000e', 'Camila Ribeiro'),
    ('dddddddd-0004-0004-0004-00000000000f', 'Felipe Barbosa'),
    ('dddddddd-0004-0004-0004-000000000010', 'Isabela Carvalho'),
    ('dddddddd-0004-0004-0004-000000000011', 'Diego Martins'),
    ('dddddddd-0004-0004-0004-000000000012', 'Natalia Gomes'),
    ('dddddddd-0004-0004-0004-000000000013', 'Bruno Dias'),
    ('dddddddd-0004-0004-0004-000000000014', 'Amanda Rocha'),
    ('dddddddd-0004-0004-0004-000000000015', 'Henrique Mendes'),
    ('dddddddd-0004-0004-0004-000000000016', 'Patricia Nunes'),
    ('dddddddd-0004-0004-0004-000000000017', 'Vinicius Freitas'),
    ('dddddddd-0004-0004-0004-000000000018', 'Leticia Araujo'),
    ('dddddddd-0004-0004-0004-000000000019', 'Rodrigo Pinto'),
    ('dddddddd-0004-0004-0004-00000000001a', 'Mariana Xavier'),
    ('dddddddd-0004-0004-0004-00000000001b', 'Thiago Correia'),
    ('dddddddd-0004-0004-0004-00000000001c', 'Julia Vieira'),
    ('dddddddd-0004-0004-0004-00000000001d', 'Eduardo Moraes'),
    ('dddddddd-0004-0004-0004-00000000001e', 'Renata Cardoso'),
    ('dddddddd-0004-0004-0004-00000000001f', 'Arthur Lima'),
    ('dddddddd-0004-0004-0004-000000000020', 'Aline Borges'),
    ('dddddddd-0004-0004-0004-000000000021', 'Gustavo Cunha'),
    ('dddddddd-0004-0004-0004-000000000022', 'Bianca Figueiredo'),
    ('dddddddd-0004-0004-0004-000000000023', 'Leonardo Azevedo'),
    ('dddddddd-0004-0004-0004-000000000024', 'Priscila Monteiro'),
    ('dddddddd-0004-0004-0004-000000000025', 'Andre Lopes'),
    ('dddddddd-0004-0004-0004-000000000026', 'Daniela Silva'),
    ('dddddddd-0004-0004-0004-000000000027', 'Caio Teixeira'),
    ('dddddddd-0004-0004-0004-000000000028', 'Viviane Campos');

-- =====================================================
-- Enrollments
-- ID pattern: eeeeeeee-00CC-00CC-00CC-SSSSSSSSSSSS
--   CC = número da turma (01-06)
--   SS = hex do número do aluno
-- =====================================================

-- Turma 1: Algoritmos — CHEIA (30/30)
INSERT INTO enrollments (id, student_id, classroom_id, status) VALUES
    ('eeeeeeee-0001-0001-0001-000000000001', 'dddddddd-0004-0004-0004-000000000001', 'cccccccc-0003-0003-0003-000000000001', 'CONFIRMED'),
    ('eeeeeeee-0001-0001-0001-000000000002', 'dddddddd-0004-0004-0004-000000000002', 'cccccccc-0003-0003-0003-000000000001', 'CONFIRMED'),
    ('eeeeeeee-0001-0001-0001-000000000003', 'dddddddd-0004-0004-0004-000000000003', 'cccccccc-0003-0003-0003-000000000001', 'CONFIRMED'),
    ('eeeeeeee-0001-0001-0001-000000000004', 'dddddddd-0004-0004-0004-000000000004', 'cccccccc-0003-0003-0003-000000000001', 'CONFIRMED'),
    ('eeeeeeee-0001-0001-0001-000000000005', 'dddddddd-0004-0004-0004-000000000005', 'cccccccc-0003-0003-0003-000000000001', 'CONFIRMED'),
    ('eeeeeeee-0001-0001-0001-000000000006', 'dddddddd-0004-0004-0004-000000000006', 'cccccccc-0003-0003-0003-000000000001', 'CONFIRMED'),
    ('eeeeeeee-0001-0001-0001-000000000007', 'dddddddd-0004-0004-0004-000000000007', 'cccccccc-0003-0003-0003-000000000001', 'CONFIRMED'),
    ('eeeeeeee-0001-0001-0001-000000000008', 'dddddddd-0004-0004-0004-000000000008', 'cccccccc-0003-0003-0003-000000000001', 'CONFIRMED'),
    ('eeeeeeee-0001-0001-0001-000000000009', 'dddddddd-0004-0004-0004-000000000009', 'cccccccc-0003-0003-0003-000000000001', 'CONFIRMED'),
    ('eeeeeeee-0001-0001-0001-00000000000a', 'dddddddd-0004-0004-0004-00000000000a', 'cccccccc-0003-0003-0003-000000000001', 'CONFIRMED'),
    ('eeeeeeee-0001-0001-0001-00000000000b', 'dddddddd-0004-0004-0004-00000000000b', 'cccccccc-0003-0003-0003-000000000001', 'CONFIRMED'),
    ('eeeeeeee-0001-0001-0001-00000000000c', 'dddddddd-0004-0004-0004-00000000000c', 'cccccccc-0003-0003-0003-000000000001', 'CONFIRMED'),
    ('eeeeeeee-0001-0001-0001-00000000000d', 'dddddddd-0004-0004-0004-00000000000d', 'cccccccc-0003-0003-0003-000000000001', 'CONFIRMED'),
    ('eeeeeeee-0001-0001-0001-00000000000e', 'dddddddd-0004-0004-0004-00000000000e', 'cccccccc-0003-0003-0003-000000000001', 'CONFIRMED'),
    ('eeeeeeee-0001-0001-0001-00000000000f', 'dddddddd-0004-0004-0004-00000000000f', 'cccccccc-0003-0003-0003-000000000001', 'CONFIRMED'),
    ('eeeeeeee-0001-0001-0001-000000000010', 'dddddddd-0004-0004-0004-000000000010', 'cccccccc-0003-0003-0003-000000000001', 'CONFIRMED'),
    ('eeeeeeee-0001-0001-0001-000000000011', 'dddddddd-0004-0004-0004-000000000011', 'cccccccc-0003-0003-0003-000000000001', 'CONFIRMED'),
    ('eeeeeeee-0001-0001-0001-000000000012', 'dddddddd-0004-0004-0004-000000000012', 'cccccccc-0003-0003-0003-000000000001', 'CONFIRMED'),
    ('eeeeeeee-0001-0001-0001-000000000013', 'dddddddd-0004-0004-0004-000000000013', 'cccccccc-0003-0003-0003-000000000001', 'CONFIRMED'),
    ('eeeeeeee-0001-0001-0001-000000000014', 'dddddddd-0004-0004-0004-000000000014', 'cccccccc-0003-0003-0003-000000000001', 'CONFIRMED'),
    ('eeeeeeee-0001-0001-0001-000000000015', 'dddddddd-0004-0004-0004-000000000015', 'cccccccc-0003-0003-0003-000000000001', 'CONFIRMED'),
    ('eeeeeeee-0001-0001-0001-000000000016', 'dddddddd-0004-0004-0004-000000000016', 'cccccccc-0003-0003-0003-000000000001', 'CONFIRMED'),
    ('eeeeeeee-0001-0001-0001-000000000017', 'dddddddd-0004-0004-0004-000000000017', 'cccccccc-0003-0003-0003-000000000001', 'CONFIRMED'),
    ('eeeeeeee-0001-0001-0001-000000000018', 'dddddddd-0004-0004-0004-000000000018', 'cccccccc-0003-0003-0003-000000000001', 'CONFIRMED'),
    ('eeeeeeee-0001-0001-0001-000000000019', 'dddddddd-0004-0004-0004-000000000019', 'cccccccc-0003-0003-0003-000000000001', 'CONFIRMED'),
    ('eeeeeeee-0001-0001-0001-00000000001a', 'dddddddd-0004-0004-0004-00000000001a', 'cccccccc-0003-0003-0003-000000000001', 'CONFIRMED'),
    ('eeeeeeee-0001-0001-0001-00000000001b', 'dddddddd-0004-0004-0004-00000000001b', 'cccccccc-0003-0003-0003-000000000001', 'CONFIRMED'),
    ('eeeeeeee-0001-0001-0001-00000000001c', 'dddddddd-0004-0004-0004-00000000001c', 'cccccccc-0003-0003-0003-000000000001', 'CONFIRMED'),
    ('eeeeeeee-0001-0001-0001-00000000001d', 'dddddddd-0004-0004-0004-00000000001d', 'cccccccc-0003-0003-0003-000000000001', 'CONFIRMED'),
    ('eeeeeeee-0001-0001-0001-00000000001e', 'dddddddd-0004-0004-0004-00000000001e', 'cccccccc-0003-0003-0003-000000000001', 'CONFIRMED');

-- Turma 2: Banco de Dados — CHEIA (25/25)
INSERT INTO enrollments (id, student_id, classroom_id, status) VALUES
    ('eeeeeeee-0002-0002-0002-000000000001', 'dddddddd-0004-0004-0004-000000000001', 'cccccccc-0003-0003-0003-000000000002', 'CONFIRMED'),
    ('eeeeeeee-0002-0002-0002-000000000002', 'dddddddd-0004-0004-0004-000000000002', 'cccccccc-0003-0003-0003-000000000002', 'CONFIRMED'),
    ('eeeeeeee-0002-0002-0002-000000000003', 'dddddddd-0004-0004-0004-000000000003', 'cccccccc-0003-0003-0003-000000000002', 'CONFIRMED'),
    ('eeeeeeee-0002-0002-0002-000000000004', 'dddddddd-0004-0004-0004-000000000004', 'cccccccc-0003-0003-0003-000000000002', 'CONFIRMED'),
    ('eeeeeeee-0002-0002-0002-000000000005', 'dddddddd-0004-0004-0004-000000000005', 'cccccccc-0003-0003-0003-000000000002', 'CONFIRMED'),
    ('eeeeeeee-0002-0002-0002-000000000006', 'dddddddd-0004-0004-0004-000000000006', 'cccccccc-0003-0003-0003-000000000002', 'CONFIRMED'),
    ('eeeeeeee-0002-0002-0002-000000000007', 'dddddddd-0004-0004-0004-000000000007', 'cccccccc-0003-0003-0003-000000000002', 'CONFIRMED'),
    ('eeeeeeee-0002-0002-0002-000000000008', 'dddddddd-0004-0004-0004-000000000008', 'cccccccc-0003-0003-0003-000000000002', 'CONFIRMED'),
    ('eeeeeeee-0002-0002-0002-000000000009', 'dddddddd-0004-0004-0004-000000000009', 'cccccccc-0003-0003-0003-000000000002', 'CONFIRMED'),
    ('eeeeeeee-0002-0002-0002-00000000000a', 'dddddddd-0004-0004-0004-00000000000a', 'cccccccc-0003-0003-0003-000000000002', 'CONFIRMED'),
    ('eeeeeeee-0002-0002-0002-00000000000b', 'dddddddd-0004-0004-0004-00000000000b', 'cccccccc-0003-0003-0003-000000000002', 'CONFIRMED'),
    ('eeeeeeee-0002-0002-0002-00000000000c', 'dddddddd-0004-0004-0004-00000000000c', 'cccccccc-0003-0003-0003-000000000002', 'CONFIRMED'),
    ('eeeeeeee-0002-0002-0002-00000000000d', 'dddddddd-0004-0004-0004-00000000000d', 'cccccccc-0003-0003-0003-000000000002', 'CONFIRMED'),
    ('eeeeeeee-0002-0002-0002-00000000000e', 'dddddddd-0004-0004-0004-00000000000e', 'cccccccc-0003-0003-0003-000000000002', 'CONFIRMED'),
    ('eeeeeeee-0002-0002-0002-00000000000f', 'dddddddd-0004-0004-0004-00000000000f', 'cccccccc-0003-0003-0003-000000000002', 'CONFIRMED'),
    ('eeeeeeee-0002-0002-0002-000000000010', 'dddddddd-0004-0004-0004-000000000010', 'cccccccc-0003-0003-0003-000000000002', 'CONFIRMED'),
    ('eeeeeeee-0002-0002-0002-000000000011', 'dddddddd-0004-0004-0004-000000000011', 'cccccccc-0003-0003-0003-000000000002', 'CONFIRMED'),
    ('eeeeeeee-0002-0002-0002-000000000012', 'dddddddd-0004-0004-0004-000000000012', 'cccccccc-0003-0003-0003-000000000002', 'CONFIRMED'),
    ('eeeeeeee-0002-0002-0002-000000000013', 'dddddddd-0004-0004-0004-000000000013', 'cccccccc-0003-0003-0003-000000000002', 'CONFIRMED'),
    ('eeeeeeee-0002-0002-0002-000000000014', 'dddddddd-0004-0004-0004-000000000014', 'cccccccc-0003-0003-0003-000000000002', 'CONFIRMED'),
    ('eeeeeeee-0002-0002-0002-000000000015', 'dddddddd-0004-0004-0004-000000000015', 'cccccccc-0003-0003-0003-000000000002', 'CONFIRMED'),
    ('eeeeeeee-0002-0002-0002-000000000016', 'dddddddd-0004-0004-0004-000000000016', 'cccccccc-0003-0003-0003-000000000002', 'CONFIRMED'),
    ('eeeeeeee-0002-0002-0002-000000000017', 'dddddddd-0004-0004-0004-000000000017', 'cccccccc-0003-0003-0003-000000000002', 'CONFIRMED'),
    ('eeeeeeee-0002-0002-0002-000000000018', 'dddddddd-0004-0004-0004-000000000018', 'cccccccc-0003-0003-0003-000000000002', 'CONFIRMED'),
    ('eeeeeeee-0002-0002-0002-000000000019', 'dddddddd-0004-0004-0004-000000000019', 'cccccccc-0003-0003-0003-000000000002', 'CONFIRMED');

-- Turma 3: Engenharia de Requisitos — PRESTES A ENCHER (29/30, 1 vaga)
INSERT INTO enrollments (id, student_id, classroom_id, status) VALUES
    ('eeeeeeee-0003-0003-0003-000000000001', 'dddddddd-0004-0004-0004-000000000001', 'cccccccc-0003-0003-0003-000000000003', 'CONFIRMED'),
    ('eeeeeeee-0003-0003-0003-000000000002', 'dddddddd-0004-0004-0004-000000000002', 'cccccccc-0003-0003-0003-000000000003', 'CONFIRMED'),
    ('eeeeeeee-0003-0003-0003-000000000003', 'dddddddd-0004-0004-0004-000000000003', 'cccccccc-0003-0003-0003-000000000003', 'CONFIRMED'),
    ('eeeeeeee-0003-0003-0003-000000000004', 'dddddddd-0004-0004-0004-000000000004', 'cccccccc-0003-0003-0003-000000000003', 'CONFIRMED'),
    ('eeeeeeee-0003-0003-0003-000000000005', 'dddddddd-0004-0004-0004-000000000005', 'cccccccc-0003-0003-0003-000000000003', 'CONFIRMED'),
    ('eeeeeeee-0003-0003-0003-000000000006', 'dddddddd-0004-0004-0004-000000000006', 'cccccccc-0003-0003-0003-000000000003', 'CONFIRMED'),
    ('eeeeeeee-0003-0003-0003-000000000007', 'dddddddd-0004-0004-0004-000000000007', 'cccccccc-0003-0003-0003-000000000003', 'CONFIRMED'),
    ('eeeeeeee-0003-0003-0003-000000000008', 'dddddddd-0004-0004-0004-000000000008', 'cccccccc-0003-0003-0003-000000000003', 'CONFIRMED'),
    ('eeeeeeee-0003-0003-0003-000000000009', 'dddddddd-0004-0004-0004-000000000009', 'cccccccc-0003-0003-0003-000000000003', 'CONFIRMED'),
    ('eeeeeeee-0003-0003-0003-00000000000a', 'dddddddd-0004-0004-0004-00000000000a', 'cccccccc-0003-0003-0003-000000000003', 'CONFIRMED'),
    ('eeeeeeee-0003-0003-0003-00000000000b', 'dddddddd-0004-0004-0004-00000000000b', 'cccccccc-0003-0003-0003-000000000003', 'CONFIRMED'),
    ('eeeeeeee-0003-0003-0003-00000000000c', 'dddddddd-0004-0004-0004-00000000000c', 'cccccccc-0003-0003-0003-000000000003', 'CONFIRMED'),
    ('eeeeeeee-0003-0003-0003-00000000000d', 'dddddddd-0004-0004-0004-00000000000d', 'cccccccc-0003-0003-0003-000000000003', 'CONFIRMED'),
    ('eeeeeeee-0003-0003-0003-00000000000e', 'dddddddd-0004-0004-0004-00000000000e', 'cccccccc-0003-0003-0003-000000000003', 'CONFIRMED'),
    ('eeeeeeee-0003-0003-0003-00000000000f', 'dddddddd-0004-0004-0004-00000000000f', 'cccccccc-0003-0003-0003-000000000003', 'CONFIRMED'),
    ('eeeeeeee-0003-0003-0003-000000000010', 'dddddddd-0004-0004-0004-000000000010', 'cccccccc-0003-0003-0003-000000000003', 'CONFIRMED'),
    ('eeeeeeee-0003-0003-0003-000000000011', 'dddddddd-0004-0004-0004-000000000011', 'cccccccc-0003-0003-0003-000000000003', 'CONFIRMED'),
    ('eeeeeeee-0003-0003-0003-000000000012', 'dddddddd-0004-0004-0004-000000000012', 'cccccccc-0003-0003-0003-000000000003', 'CONFIRMED'),
    ('eeeeeeee-0003-0003-0003-000000000013', 'dddddddd-0004-0004-0004-000000000013', 'cccccccc-0003-0003-0003-000000000003', 'CONFIRMED'),
    ('eeeeeeee-0003-0003-0003-000000000014', 'dddddddd-0004-0004-0004-000000000014', 'cccccccc-0003-0003-0003-000000000003', 'CONFIRMED'),
    ('eeeeeeee-0003-0003-0003-000000000015', 'dddddddd-0004-0004-0004-000000000015', 'cccccccc-0003-0003-0003-000000000003', 'CONFIRMED'),
    ('eeeeeeee-0003-0003-0003-000000000016', 'dddddddd-0004-0004-0004-000000000016', 'cccccccc-0003-0003-0003-000000000003', 'CONFIRMED'),
    ('eeeeeeee-0003-0003-0003-000000000017', 'dddddddd-0004-0004-0004-000000000017', 'cccccccc-0003-0003-0003-000000000003', 'CONFIRMED'),
    ('eeeeeeee-0003-0003-0003-000000000018', 'dddddddd-0004-0004-0004-000000000018', 'cccccccc-0003-0003-0003-000000000003', 'CONFIRMED'),
    ('eeeeeeee-0003-0003-0003-000000000019', 'dddddddd-0004-0004-0004-000000000019', 'cccccccc-0003-0003-0003-000000000003', 'CONFIRMED'),
    ('eeeeeeee-0003-0003-0003-00000000001a', 'dddddddd-0004-0004-0004-00000000001a', 'cccccccc-0003-0003-0003-000000000003', 'CONFIRMED'),
    ('eeeeeeee-0003-0003-0003-00000000001b', 'dddddddd-0004-0004-0004-00000000001b', 'cccccccc-0003-0003-0003-000000000003', 'CONFIRMED'),
    ('eeeeeeee-0003-0003-0003-00000000001c', 'dddddddd-0004-0004-0004-00000000001c', 'cccccccc-0003-0003-0003-000000000003', 'CONFIRMED'),
    ('eeeeeeee-0003-0003-0003-00000000001d', 'dddddddd-0004-0004-0004-00000000001d', 'cccccccc-0003-0003-0003-000000000003', 'CONFIRMED');

-- Turma 4: Arquitetura de Software — PRESTES A ENCHER (24/25, 1 vaga)
INSERT INTO enrollments (id, student_id, classroom_id, status) VALUES
    ('eeeeeeee-0004-0004-0004-000000000001', 'dddddddd-0004-0004-0004-000000000001', 'cccccccc-0003-0003-0003-000000000004', 'CONFIRMED'),
    ('eeeeeeee-0004-0004-0004-000000000002', 'dddddddd-0004-0004-0004-000000000002', 'cccccccc-0003-0003-0003-000000000004', 'CONFIRMED'),
    ('eeeeeeee-0004-0004-0004-000000000003', 'dddddddd-0004-0004-0004-000000000003', 'cccccccc-0003-0003-0003-000000000004', 'CONFIRMED'),
    ('eeeeeeee-0004-0004-0004-000000000004', 'dddddddd-0004-0004-0004-000000000004', 'cccccccc-0003-0003-0003-000000000004', 'CONFIRMED'),
    ('eeeeeeee-0004-0004-0004-000000000005', 'dddddddd-0004-0004-0004-000000000005', 'cccccccc-0003-0003-0003-000000000004', 'CONFIRMED'),
    ('eeeeeeee-0004-0004-0004-000000000006', 'dddddddd-0004-0004-0004-000000000006', 'cccccccc-0003-0003-0003-000000000004', 'CONFIRMED'),
    ('eeeeeeee-0004-0004-0004-000000000007', 'dddddddd-0004-0004-0004-000000000007', 'cccccccc-0003-0003-0003-000000000004', 'CONFIRMED'),
    ('eeeeeeee-0004-0004-0004-000000000008', 'dddddddd-0004-0004-0004-000000000008', 'cccccccc-0003-0003-0003-000000000004', 'CONFIRMED'),
    ('eeeeeeee-0004-0004-0004-000000000009', 'dddddddd-0004-0004-0004-000000000009', 'cccccccc-0003-0003-0003-000000000004', 'CONFIRMED'),
    ('eeeeeeee-0004-0004-0004-00000000000a', 'dddddddd-0004-0004-0004-00000000000a', 'cccccccc-0003-0003-0003-000000000004', 'CONFIRMED'),
    ('eeeeeeee-0004-0004-0004-00000000000b', 'dddddddd-0004-0004-0004-00000000000b', 'cccccccc-0003-0003-0003-000000000004', 'CONFIRMED'),
    ('eeeeeeee-0004-0004-0004-00000000000c', 'dddddddd-0004-0004-0004-00000000000c', 'cccccccc-0003-0003-0003-000000000004', 'CONFIRMED'),
    ('eeeeeeee-0004-0004-0004-00000000000d', 'dddddddd-0004-0004-0004-00000000000d', 'cccccccc-0003-0003-0003-000000000004', 'CONFIRMED'),
    ('eeeeeeee-0004-0004-0004-00000000000e', 'dddddddd-0004-0004-0004-00000000000e', 'cccccccc-0003-0003-0003-000000000004', 'CONFIRMED'),
    ('eeeeeeee-0004-0004-0004-00000000000f', 'dddddddd-0004-0004-0004-00000000000f', 'cccccccc-0003-0003-0003-000000000004', 'CONFIRMED'),
    ('eeeeeeee-0004-0004-0004-000000000010', 'dddddddd-0004-0004-0004-000000000010', 'cccccccc-0003-0003-0003-000000000004', 'CONFIRMED'),
    ('eeeeeeee-0004-0004-0004-000000000011', 'dddddddd-0004-0004-0004-000000000011', 'cccccccc-0003-0003-0003-000000000004', 'CONFIRMED'),
    ('eeeeeeee-0004-0004-0004-000000000012', 'dddddddd-0004-0004-0004-000000000012', 'cccccccc-0003-0003-0003-000000000004', 'CONFIRMED'),
    ('eeeeeeee-0004-0004-0004-000000000013', 'dddddddd-0004-0004-0004-000000000013', 'cccccccc-0003-0003-0003-000000000004', 'CONFIRMED'),
    ('eeeeeeee-0004-0004-0004-000000000014', 'dddddddd-0004-0004-0004-000000000014', 'cccccccc-0003-0003-0003-000000000004', 'CONFIRMED'),
    ('eeeeeeee-0004-0004-0004-000000000015', 'dddddddd-0004-0004-0004-000000000015', 'cccccccc-0003-0003-0003-000000000004', 'CONFIRMED'),
    ('eeeeeeee-0004-0004-0004-000000000016', 'dddddddd-0004-0004-0004-000000000016', 'cccccccc-0003-0003-0003-000000000004', 'CONFIRMED'),
    ('eeeeeeee-0004-0004-0004-000000000017', 'dddddddd-0004-0004-0004-000000000017', 'cccccccc-0003-0003-0003-000000000004', 'CONFIRMED'),
    ('eeeeeeee-0004-0004-0004-000000000018', 'dddddddd-0004-0004-0004-000000000018', 'cccccccc-0003-0003-0003-000000000004', 'CONFIRMED');

-- Turma 5: Algoritmos T2 — COM VAGAS (20/30, 10 vagas)
INSERT INTO enrollments (id, student_id, classroom_id, status) VALUES
    ('eeeeeeee-0005-0005-0005-000000000001', 'dddddddd-0004-0004-0004-000000000001', 'cccccccc-0003-0003-0003-000000000005', 'CONFIRMED'),
    ('eeeeeeee-0005-0005-0005-000000000002', 'dddddddd-0004-0004-0004-000000000002', 'cccccccc-0003-0003-0003-000000000005', 'CONFIRMED'),
    ('eeeeeeee-0005-0005-0005-000000000003', 'dddddddd-0004-0004-0004-000000000003', 'cccccccc-0003-0003-0003-000000000005', 'CONFIRMED'),
    ('eeeeeeee-0005-0005-0005-000000000004', 'dddddddd-0004-0004-0004-000000000004', 'cccccccc-0003-0003-0003-000000000005', 'CONFIRMED'),
    ('eeeeeeee-0005-0005-0005-000000000005', 'dddddddd-0004-0004-0004-000000000005', 'cccccccc-0003-0003-0003-000000000005', 'CONFIRMED'),
    ('eeeeeeee-0005-0005-0005-000000000006', 'dddddddd-0004-0004-0004-000000000006', 'cccccccc-0003-0003-0003-000000000005', 'CONFIRMED'),
    ('eeeeeeee-0005-0005-0005-000000000007', 'dddddddd-0004-0004-0004-000000000007', 'cccccccc-0003-0003-0003-000000000005', 'CONFIRMED'),
    ('eeeeeeee-0005-0005-0005-000000000008', 'dddddddd-0004-0004-0004-000000000008', 'cccccccc-0003-0003-0003-000000000005', 'CONFIRMED'),
    ('eeeeeeee-0005-0005-0005-000000000009', 'dddddddd-0004-0004-0004-000000000009', 'cccccccc-0003-0003-0003-000000000005', 'CONFIRMED'),
    ('eeeeeeee-0005-0005-0005-00000000000a', 'dddddddd-0004-0004-0004-00000000000a', 'cccccccc-0003-0003-0003-000000000005', 'CONFIRMED'),
    ('eeeeeeee-0005-0005-0005-00000000000b', 'dddddddd-0004-0004-0004-00000000000b', 'cccccccc-0003-0003-0003-000000000005', 'CONFIRMED'),
    ('eeeeeeee-0005-0005-0005-00000000000c', 'dddddddd-0004-0004-0004-00000000000c', 'cccccccc-0003-0003-0003-000000000005', 'CONFIRMED'),
    ('eeeeeeee-0005-0005-0005-00000000000d', 'dddddddd-0004-0004-0004-00000000000d', 'cccccccc-0003-0003-0003-000000000005', 'CONFIRMED'),
    ('eeeeeeee-0005-0005-0005-00000000000e', 'dddddddd-0004-0004-0004-00000000000e', 'cccccccc-0003-0003-0003-000000000005', 'CONFIRMED'),
    ('eeeeeeee-0005-0005-0005-00000000000f', 'dddddddd-0004-0004-0004-00000000000f', 'cccccccc-0003-0003-0003-000000000005', 'CONFIRMED'),
    ('eeeeeeee-0005-0005-0005-000000000010', 'dddddddd-0004-0004-0004-000000000010', 'cccccccc-0003-0003-0003-000000000005', 'CONFIRMED'),
    ('eeeeeeee-0005-0005-0005-000000000011', 'dddddddd-0004-0004-0004-000000000011', 'cccccccc-0003-0003-0003-000000000005', 'CONFIRMED'),
    ('eeeeeeee-0005-0005-0005-000000000012', 'dddddddd-0004-0004-0004-000000000012', 'cccccccc-0003-0003-0003-000000000005', 'CONFIRMED'),
    ('eeeeeeee-0005-0005-0005-000000000013', 'dddddddd-0004-0004-0004-000000000013', 'cccccccc-0003-0003-0003-000000000005', 'CONFIRMED'),
    ('eeeeeeee-0005-0005-0005-000000000014', 'dddddddd-0004-0004-0004-000000000014', 'cccccccc-0003-0003-0003-000000000005', 'CONFIRMED');

-- Turma 6: Banco de Dados T2 — COM VAGAS (25/40, 15 vagas)
INSERT INTO enrollments (id, student_id, classroom_id, status) VALUES
    ('eeeeeeee-0006-0006-0006-000000000001', 'dddddddd-0004-0004-0004-000000000001', 'cccccccc-0003-0003-0003-000000000006', 'CONFIRMED'),
    ('eeeeeeee-0006-0006-0006-000000000002', 'dddddddd-0004-0004-0004-000000000002', 'cccccccc-0003-0003-0003-000000000006', 'CONFIRMED'),
    ('eeeeeeee-0006-0006-0006-000000000003', 'dddddddd-0004-0004-0004-000000000003', 'cccccccc-0003-0003-0003-000000000006', 'CONFIRMED'),
    ('eeeeeeee-0006-0006-0006-000000000004', 'dddddddd-0004-0004-0004-000000000004', 'cccccccc-0003-0003-0003-000000000006', 'CONFIRMED'),
    ('eeeeeeee-0006-0006-0006-000000000005', 'dddddddd-0004-0004-0004-000000000005', 'cccccccc-0003-0003-0003-000000000006', 'CONFIRMED'),
    ('eeeeeeee-0006-0006-0006-000000000006', 'dddddddd-0004-0004-0004-000000000006', 'cccccccc-0003-0003-0003-000000000006', 'CONFIRMED'),
    ('eeeeeeee-0006-0006-0006-000000000007', 'dddddddd-0004-0004-0004-000000000007', 'cccccccc-0003-0003-0003-000000000006', 'CONFIRMED'),
    ('eeeeeeee-0006-0006-0006-000000000008', 'dddddddd-0004-0004-0004-000000000008', 'cccccccc-0003-0003-0003-000000000006', 'CONFIRMED'),
    ('eeeeeeee-0006-0006-0006-000000000009', 'dddddddd-0004-0004-0004-000000000009', 'cccccccc-0003-0003-0003-000000000006', 'CONFIRMED'),
    ('eeeeeeee-0006-0006-0006-00000000000a', 'dddddddd-0004-0004-0004-00000000000a', 'cccccccc-0003-0003-0003-000000000006', 'CONFIRMED'),
    ('eeeeeeee-0006-0006-0006-00000000000b', 'dddddddd-0004-0004-0004-00000000000b', 'cccccccc-0003-0003-0003-000000000006', 'CONFIRMED'),
    ('eeeeeeee-0006-0006-0006-00000000000c', 'dddddddd-0004-0004-0004-00000000000c', 'cccccccc-0003-0003-0003-000000000006', 'CONFIRMED'),
    ('eeeeeeee-0006-0006-0006-00000000000d', 'dddddddd-0004-0004-0004-00000000000d', 'cccccccc-0003-0003-0003-000000000006', 'CONFIRMED'),
    ('eeeeeeee-0006-0006-0006-00000000000e', 'dddddddd-0004-0004-0004-00000000000e', 'cccccccc-0003-0003-0003-000000000006', 'CONFIRMED'),
    ('eeeeeeee-0006-0006-0006-00000000000f', 'dddddddd-0004-0004-0004-00000000000f', 'cccccccc-0003-0003-0003-000000000006', 'CONFIRMED'),
    ('eeeeeeee-0006-0006-0006-000000000010', 'dddddddd-0004-0004-0004-000000000010', 'cccccccc-0003-0003-0003-000000000006', 'CONFIRMED'),
    ('eeeeeeee-0006-0006-0006-000000000011', 'dddddddd-0004-0004-0004-000000000011', 'cccccccc-0003-0003-0003-000000000006', 'CONFIRMED'),
    ('eeeeeeee-0006-0006-0006-000000000012', 'dddddddd-0004-0004-0004-000000000012', 'cccccccc-0003-0003-0003-000000000006', 'CONFIRMED'),
    ('eeeeeeee-0006-0006-0006-000000000013', 'dddddddd-0004-0004-0004-000000000013', 'cccccccc-0003-0003-0003-000000000006', 'CONFIRMED'),
    ('eeeeeeee-0006-0006-0006-000000000014', 'dddddddd-0004-0004-0004-000000000014', 'cccccccc-0003-0003-0003-000000000006', 'CONFIRMED'),
    ('eeeeeeee-0006-0006-0006-000000000015', 'dddddddd-0004-0004-0004-000000000015', 'cccccccc-0003-0003-0003-000000000006', 'CONFIRMED'),
    ('eeeeeeee-0006-0006-0006-000000000016', 'dddddddd-0004-0004-0004-000000000016', 'cccccccc-0003-0003-0003-000000000006', 'CONFIRMED'),
    ('eeeeeeee-0006-0006-0006-000000000017', 'dddddddd-0004-0004-0004-000000000017', 'cccccccc-0003-0003-0003-000000000006', 'CONFIRMED'),
    ('eeeeeeee-0006-0006-0006-000000000018', 'dddddddd-0004-0004-0004-000000000018', 'cccccccc-0003-0003-0003-000000000006', 'CONFIRMED'),
    ('eeeeeeee-0006-0006-0006-000000000019', 'dddddddd-0004-0004-0004-000000000019', 'cccccccc-0003-0003-0003-000000000006', 'CONFIRMED');
